{"v":"5.7.4","fr":30,"ip":0,"op":70,"w":300,"h":300,"nm":"Main","ddd":0,"assets":[{"id":"image_0","w":1159,"h":1174,"u":"images/","p":"img_0.png","e":0},{"id":"comp_0","layers":[{"ddd":0,"ind":1,"ty":0,"nm":"huella","refId":"comp_1","sr":1,"ks":{"o":{"a":1,"k":[{"i":{"x":[0.667],"y":[1]},"o":{"x":[0.333],"y":[0]},"t":55,"s":[0]},{"i":{"x":[0.667],"y":[1]},"o":{"x":[0.333],"y":[0]},"t":62.5,"s":[100]},{"t":70,"s":[0]}],"ix":11},"r":{"a":0,"k":38,"ix":10},"p":{"a":0,"k":[220,32.5,0],"ix":2,"l":2},"a":{"a":0,"k":[640,640,0],"ix":1,"l":2},"s":{"a":0,"k":[3,3,100],"ix":6,"l":2}},"ao":0,"w":1280,"h":1280,"ip":55,"op":70,"st":55,"bm":0},{"ddd":0,"ind":2,"ty":0,"nm":"huella","refId":"comp_1","sr":1,"ks":{"o":{"a":1,"k":[{"i":{"x":[0.667],"y":[1]},"o":{"x":[0.333],"y":[0]},"t":47,"s":[0]},{"i":{"x":[0.667],"y":[1]},"o":{"x":[0.333],"y":[0]},"t":54.5,"s":[100]},{"t":62,"s":[0]}],"ix":11},"r":{"a":0,"k":38,"ix":10},"p":{"a":0,"k":[230.5,92.5,0],"ix":2,"l":2},"a":{"a":0,"k":[640,640,0],"ix":1,"l":2},"s":{"a":0,"k":[3,3,100],"ix":6,"l":2}},"ao":0,"w":1280,"h":1280,"ip":47,"op":62,"st":47,"bm":0},{"ddd":0,"ind":3,"ty":0,"nm":"huella","refId":"comp_1","sr":1,"ks":{"o":{"a":1,"k":[{"i":{"x":[0.667],"y":[1]},"o":{"x":[0.333],"y":[0]},"t":39,"s":[0]},{"i":{"x":[0.667],"y":[1]},"o":{"x":[0.333],"y":[0]},"t":46.5,"s":[100]},{"t":54,"s":[0]}],"ix":11},"r":{"a":0,"k":38,"ix":10},"p":{"a":0,"k":[169.5,91,0],"ix":2,"l":2},"a":{"a":0,"k":[640,640,0],"ix":1,"l":2},"s":{"a":0,"k":[3,3,100],"ix":6,"l":2}},"ao":0,"w":1280,"h":1280,"ip":39,"op":54,"st":39,"bm":0},{"ddd":0,"ind":4,"ty":0,"nm":"huella","refId":"comp_1","sr":1,"ks":{"o":{"a":1,"k":[{"i":{"x":[0.667],"y":[1]},"o":{"x":[0.333],"y":[0]},"t":31,"s":[0]},{"i":{"x":[0.667],"y":[1]},"o":{"x":[0.333],"y":[0]},"t":38.5,"s":[100]},{"t":46,"s":[0]}],"ix":11},"r":{"a":0,"k":38,"ix":10},"p":{"a":0,"k":[174,150,0],"ix":2,"l":2},"a":{"a":0,"k":[640,640,0],"ix":1,"l":2},"s":{"a":0,"k":[3,3,100],"ix":6,"l":2}},"ao":0,"w":1280,"h":1280,"ip":31,"op":46,"st":31,"bm":0},{"ddd":0,"ind":5,"ty":0,"nm":"huella","refId":"comp_1","sr":1,"ks":{"o":{"a":1,"k":[{"i":{"x":[0.667],"y":[1]},"o":{"x":[0.333],"y":[0]},"t":23,"s":[0]},{"i":{"x":[0.667],"y":[1]},"o":{"x":[0.333],"y":[0]},"t":30.5,"s":[100]},{"t":38,"s":[0]}],"ix":11},"r":{"a":0,"k":38,"ix":10},"p":{"a":0,"k":[110.5,155,0],"ix":2,"l":2},"a":{"a":0,"k":[640,640,0],"ix":1,"l":2},"s":{"a":0,"k":[3,3,100],"ix":6,"l":2}},"ao":0,"w":1280,"h":1280,"ip":23,"op":38,"st":23,"bm":0},{"ddd":0,"ind":6,"ty":0,"nm":"huella","refId":"comp_1","sr":1,"ks":{"o":{"a":1,"k":[{"i":{"x":[0.667],"y":[1]},"o":{"x":[0.333],"y":[0]},"t":15,"s":[0]},{"i":{"x":[0.667],"y":[1]},"o":{"x":[0.333],"y":[0]},"t":22.5,"s":[100]},{"t":30,"s":[0]}],"ix":11},"r":{"a":0,"k":38,"ix":10},"p":{"a":0,"k":[122.5,211,0],"ix":2,"l":2},"a":{"a":0,"k":[640,640,0],"ix":1,"l":2},"s":{"a":0,"k":[3,3,100],"ix":6,"l":2}},"ao":0,"w":1280,"h":1280,"ip":15,"op":30,"st":15,"bm":0},{"ddd":0,"ind":7,"ty":0,"nm":"huella","refId":"comp_1","sr":1,"ks":{"o":{"a":1,"k":[{"i":{"x":[0.667],"y":[1]},"o":{"x":[0.333],"y":[0]},"t":7,"s":[0]},{"i":{"x":[0.667],"y":[1]},"o":{"x":[0.333],"y":[0]},"t":14.5,"s":[100]},{"t":22,"s":[0]}],"ix":11},"r":{"a":0,"k":38,"ix":10},"p":{"a":0,"k":[65.5,210.5,0],"ix":2,"l":2},"a":{"a":0,"k":[640,640,0],"ix":1,"l":2},"s":{"a":0,"k":[3,3,100],"ix":6,"l":2}},"ao":0,"w":1280,"h":1280,"ip":7,"op":22,"st":7,"bm":0},{"ddd":0,"ind":8,"ty":0,"nm":"huella","refId":"comp_1","sr":1,"ks":{"o":{"a":1,"k":[{"i":{"x":[0.667],"y":[1]},"o":{"x":[0.333],"y":[0]},"t":0,"s":[0]},{"i":{"x":[0.667],"y":[1]},"o":{"x":[0.333],"y":[0]},"t":7.5,"s":[100]},{"t":15,"s":[0]}],"ix":11},"r":{"a":0,"k":38,"ix":10},"p":{"a":0,"k":[59.5,273.5,0],"ix":2,"l":2},"a":{"a":0,"k":[640,640,0],"ix":1,"l":2},"s":{"a":0,"k":[3,3,100],"ix":6,"l":2}},"ao":0,"w":1280,"h":1280,"ip":0,"op":15,"st":0,"bm":0}]},{"id":"comp_1","layers":[{"ddd":0,"ind":1,"ty":2,"nm":"Capa 1","refId":"image_0","sr":1,"ks":{"o":{"a":0,"k":100,"ix":11},"r":{"a":0,"k":0,"ix":10},"p":{"a":0,"k":[638.05,643.2,0],"ix":2,"l":2},"a":{"a":0,"k":[579.3,586.95,0],"ix":1,"l":2},"s":{"a":0,"k":[100,100,100],"ix":6,"l":2}},"ao":0,"ip":0,"op":300,"st":0,"bm":0}]}],"layers":[{"ddd":0,"ind":1,"ty":0,"nm":"huellas","refId":"comp_0","sr":1,"ks":{"o":{"a":0,"k":100,"ix":11},"r":{"a":0,"k":0,"ix":10},"p":{"a":0,"k":[150,150,0],"ix":2,"l":2},"a":{"a":0,"k":[150,150,0],"ix":1,"l":2},"s":{"a":0,"k":[100,100,100],"ix":6,"l":2}},"ao":0,"ef":[{"ty":21,"nm":"Relleno","np":9,"mn":"ADBE Fill","ix":1,"en":1,"ef":[{"ty":10,"nm":"Rellenar máscara","mn":"ADBE Fill-0001","ix":1,"v":{"a":0,"k":0,"ix":1}},{"ty":7,"nm":"Todas las máscaras","mn":"ADBE Fill-0007","ix":2,"v":{"a":0,"k":0,"ix":2}},{"ty":2,"nm":"Color","mn":"ADBE Fill-0002","ix":3,"v":{"a":0,"k":[0.20000000298,0.376470595598,0.396078437567,1],"ix":3}},{"ty":7,"nm":"Invertir","mn":"ADBE Fill-0006","ix":4,"v":{"a":0,"k":0,"ix":4}},{"ty":0,"nm":"Calado horizontal","mn":"ADBE Fill-0003","ix":5,"v":{"a":0,"k":0,"ix":5}},{"ty":0,"nm":"Calado vertical","mn":"ADBE Fill-0004","ix":6,"v":{"a":0,"k":0,"ix":6}},{"ty":0,"nm":"Opacidad","mn":"ADBE Fill-0005","ix":7,"v":{"a":0,"k":1,"ix":7}}]}],"w":300,"h":300,"ip":0,"op":70,"st":0,"bm":0}],"markers":[]}